subject,label name,label ID,tBodyAcc-mean()-X,tBodyAcc-mean()-Y,tBodyAcc-mean()-Z,tBodyAcc-std()-X,tBodyAcc-std()-Y,tBodyAcc-std()-Z,tGravityAcc-mean()-X,tGravityAcc-mean()-Y,tGravityAcc-mean()-Z,tGravityAcc-std()-X,tGravityAcc-std()-Y,tGravityAcc-std()-Z,tBodyAccJerk-mean()-X,tBodyAccJerk-mean()-Y,tBodyAccJerk-mean()-Z,tBodyAccJerk-std()-X,tBodyAccJerk-std()-Y,tBodyAccJerk-std()-Z,tBodyGyro-mean()-X,tBodyGyro-mean()-Y,tBodyGyro-mean()-Z,tBodyGyro-std()-X,tBodyGyro-std()-Y,tBodyGyro-std()-Z,tBodyGyroJerk-mean()-X,tBodyGyroJerk-mean()-Y,tBodyGyroJerk-mean()-Z,tBodyGyroJerk-std()-X,tBodyGyroJerk-std()-Y,tBodyGyroJerk-std()-Z,tBodyAccMag-mean(),tBodyAccMag-std(),tGravityAccMag-mean(),tGravityAccMag-std(),tBodyAccJerkMag-mean(),tBodyAccJerkMag-std(),tBodyGyroMag-mean(),tBodyGyroMag-std(),tBodyGyroJerkMag-mean(),tBodyGyroJerkMag-std(),fBodyAcc-mean()-X,fBodyAcc-mean()-Y,fBodyAcc-mean()-Z,fBodyAcc-std()-X,fBodyAcc-std()-Y,fBodyAcc-std()-Z,fBodyAcc-meanFreq()-X,fBodyAcc-meanFreq()-Y,fBodyAcc-meanFreq()-Z,fBodyAccJerk-mean()-X,fBodyAccJerk-mean()-Y,fBodyAccJerk-mean()-Z,fBodyAccJerk-std()-X,fBodyAccJerk-std()-Y,fBodyAccJerk-std()-Z,fBodyAccJerk-meanFreq()-X,fBodyAccJerk-meanFreq()-Y,fBodyAccJerk-meanFreq()-Z,fBodyGyro-mean()-X,fBodyGyro-mean()-Y,fBodyGyro-mean()-Z,fBodyGyro-std()-X,fBodyGyro-std()-Y,fBodyGyro-std()-Z,fBodyGyro-meanFreq()-X,fBodyGyro-meanFreq()-Y,fBodyGyro-meanFreq()-Z,fBodyAccMag-mean(),fBodyAccMag-std(),fBodyAccMag-meanFreq(),fBodyBodyAccJerkMag-mean(),fBodyBodyAccJerkMag-std(),fBodyBodyAccJerkMag-meanFreq(),fBodyBodyGyroMag-mean(),fBodyBodyGyroMag-std(),fBodyBodyGyroMag-meanFreq(),fBodyBodyGyroJerkMag-mean(),fBodyBodyGyroJerkMag-std(),fBodyBodyGyroJerkMag-meanFreq()
1,WALKING,1,0.26569692058213257,-0.01829817251760807,-0.10784573454610952,-0.5457953313283257,-0.36771621822737754,-0.5026457465628242,0.744867411573487,-0.08255625798559078,0.07233987038904899,-0.9598594359365994,-0.9511506274582132,-0.9258175908674352,0.07709304951268012,0.01659084388023055,-0.00910758730117003,-0.524721922818732,-0.4704124035112392,-0.7173222748818444,-0.02087640643201729,-0.08807227294005764,0.08626416665979827,-0.6865557152017291,-0.4509798104995677,-0.5974961367951008,-0.09711201972659943,-0.04171648082939481,-0.04713939854775216,-0.6378126872103747,-0.6344722445504323,-0.6645919777864553,-0.45363294376881846,-0.49709640203832856,-0.45363294376881846,-0.49709640203832856,-0.5454316120665706,-0.5159221675551585,-0.4754047858023055,-0.4998395937458213,-0.6395174326426513,-0.6520507709106629,-0.5318951612582132,-0.40643544890443806,-0.5964111652536023,-0.5530606166634006,-0.39015093964706055,-0.49858309167608067,-0.18055871401074927,0.0576291646962536,0.05836927766097983,-0.5473488924357637,-0.5073436179698588,-0.695305113832853,-0.5439797761278674,-0.46625167653337174,-0.7378619326801152,-0.04880059658847262,-0.21527915818414986,-0.09644963769971182,-0.6232191823115274,-0.5053094340700288,-0.5535290654256484,-0.7082634208616715,-0.42982583264870317,-0.6504761621325649,-0.03203241027590778,-0.09015172359740634,-0.018006394347233428,-0.47844852335417865,-0.5897102312178675,0.14206216250613832,-0.4990757656240922,-0.5418230795700288,0.2000551795278386,-0.5350027703377521,-0.5665766703976945,0.06493094381602306,-0.6459706552988472,-0.6858112626340057,0.19803158005645533
2,WALKING,1,0.27311311578807945,-0.019132318317483445,-0.11564995817549668,-0.6055864971592715,-0.42896298658940396,-0.589360062210596,0.6607828666887418,-0.1472198869104106,0.13486533509072848,-0.9630155082450331,-0.960033560165563,-0.9453653839072848,0.0785353156747351,0.007087712497649007,7.557607483774834e-4,-0.5578096031238411,-0.4918758898317881,-0.7418853883112583,-0.0517030657821192,-0.05684201868178808,0.08725994222913908,-0.7106489278158941,-0.7229436743377483,-0.6348889278430464,-0.08755874916688741,-0.04339868354536424,-0.05575418281887417,-0.6716791033112582,-0.7835954667284768,-0.6746119332930464,-0.5352818005417218,-0.5528125456437086,-0.5352818005417218,-0.5528125456437086,-0.5877774454354304,-0.5121152784152317,-0.6147710548931457,-0.6805848878807947,-0.746559539039735,-0.7400887336556291,-0.5737709114294702,-0.432566581302351,-0.6300812221248344,-0.6197881028033112,-0.464723862913245,-0.6006786148350993,-0.10676341890178807,0.10573417602314569,0.087210586428,-0.5616820496221854,-0.5089037990145695,-0.7157453304039735,-0.5951056128950332,-0.5091475436738411,-0.7670870154966888,0.08680005362098013,-0.13977659536218542,-0.09426518682185431,-0.6387176945930464,-0.7220689786357616,-0.6015948896543046,-0.7345885401821192,-0.7271677410264901,-0.683114494539735,-0.00576500648245033,-0.07021550086655629,0.051362729121490064,-0.5145698613168874,-0.6466623084572848,0.19219973821821193,-0.509746432970861,-0.5188007977092716,0.1930668211182119,-0.6997429452218543,-0.7253103376887418,0.04713248123798013,-0.7516150783609271,-0.7441949814403973,0.12461206859976821
3,WALKING,1,0.2734287196363636,-0.01785606738495601,-0.10649263242909678,-0.6234136020469209,-0.480015920697654,-0.6536255792932552,0.7078143533431085,-0.0260590480328739,0.04809379041906158,-0.9664575656304986,-0.9445645371260997,-0.9269662782111437,0.07017312619888563,0.014466432906041056,-5.268188728753664e-4,-0.6354846880410557,-0.5572118677378299,-0.79606624023460415,-0.024849068282844573,-0.07435653084428152,0.08668754971190616,-0.6992621957058651,-0.7630221817008798,-0.7094834403225806,-0.09915546096334311,-0.040192394369501463,-0.052117826417008795,-0.6893284286070381,-0.842659862111437,-0.7430285005659824,-0.5631408027700586,-0.5912247803064516,-0.5631408027700586,-0.5912247803064516,-0.6501824343284458,-0.6076582141703812,-0.6431501216480938,-0.6740102909794722,-0.7840566562463344,-0.8036613637243402,-0.625733289873607,-0.5017799385052786,-0.6996568285923753,-0.6238050151994134,-0.5027536397958944,-0.657443765803519,-0.1928173404953079,0.038928252328445746,0.004472614490527859,-0.6458934966304986,-0.582949919157742,-0.7801016441935484,-0.657844055881525,-0.5598511860884077,-0.8108060165982405,-0.04769412004709677,-0.23687424088592376,-0.19365753930507332,-0.6420977197785924,-0.7751449850733138,-0.6707347089964809,-0.719276622702346,-0.7585052872140763,-0.751008875659824,-0.10256806767067449,-0.1676750255829912,-0.03218626882211144,-0.5790764537580645,-0.663079838985044,0.07706655875627566,-0.6047521080727273,-0.6156436948573607,0.11231984174565983,-0.7168221442791789,-0.7038394030070381,-0.08460752312451261,-0.8100854986510264,-0.810032718739003,0.05996287332521994
4,WALKING,1,0.2770344647525773,-0.013349681774690722,-0.10591613592783505,-0.6838644660943299,-0.5896093305396908,-0.741959040257732,0.7314565098969072,0.07234798930641598,0.19399343376804123,-0.967576704329897,-0.9417065232113402,-0.9367242332731959,0.07801622379536083,-0.0010311298138298978,-0.007370700696030927,-0.7010667374381443,-0.6709767013762886,-0.8595025247938144,-0.029872675297938144,-0.07500865566752578,0.0956607416628866,-0.7509159608350515,-0.828888294742268,-0.7459042258247423,-0.10509869233865979,-0.041062442691237114,-0.060866534304432986,-0.7784795857216494,-0.9114363167525773,-0.7905782543298969,-0.6375329798149485,-0.6701221227164949,-0.6375329798149485,-0.6701221227164949,-0.7223405574226804,-0.7102460868556701,-0.708221087886598,-0.7491054733659794,-0.8495813558247423,-0.8705795179381444,-0.6989943442268042,-0.6109666056747423,-0.7849641190206186,-0.6793164954574742,-0.6058790790226805,-0.7399201719072165,-0.15574790130298968,0.0520271215242268,-0.013844540697680412,-0.7179737249716495,-0.6846484039175258,-0.8453838954123711,-0.710952957814433,-0.679116699128866,-0.8723486158762886,0.03883409957474227,-0.17438682717216494,-0.07647589204175258,-0.7080970032783506,-0.8518592412371134,-0.7239136833505154,-0.7659318373659794,-0.8181052828865979,-0.7788636492783505,-0.14534922212319587,-0.35759271510618557,-0.02359260435773196,-0.6682736659587629,-0.7249797504639175,0.06916028339701032,-0.7020458967731958,-0.7232610971649485,0.16504304124927835,-0.7851729367010309,-0.7693307603608247,-0.15789134033041238,-0.8676019442783505,-0.8841878068041237,0.1449103480742268
4,WALKING_UPSTAIRS,2,0.26968585514634147,-0.017108509944260164,-0.11005335932520326,-0.4811578153308943,-0.3842553220072358,-0.6582857194308943,0.6673774939024391,0.17606421989512194,0.11703063477235773,-0.9548458682113821,-0.9409598386178861,-0.9487836163414635,0.08020058760162602,0.010681219462138212,-0.007378563152439024,-0.5226868320309757,-0.44698012864634146,-0.8178819875609756,-0.027473566188373984,-0.08458137298617886,0.09580698674715447,-0.6232957363089431,-0.7498894566666666,-0.6955707370731707,-0.11221346965365854,-0.03843447345284553,-0.05298636814439024,-0.6375280668292683,-0.8884120033333334,-0.6817954183495935,-0.44178974589268294,-0.5062973650406504,-0.44178974589268294,-0.5062973650406504,-0.5516650627530895,-0.5478902327560976,-0.574385249590244,-0.639915777398374,-0.771259192195122,-0.8025599419512195,-0.5181034097154471,-0.3915612680414634,-0.7083462753658537,-0.4685883710455285,-0.4223346494797561,-0.6596234838211382,-0.22989670126504064,0.13641518191219512,-0.020455523674325203,-0.5480033584861789,-0.470861077819187,-0.793248930406504,-0.5400024526447155,-0.45937758863658534,-0.8419270600813008,-0.06265252615430894,-0.19035868971544714,-0.16433297629430893,-0.5374452703138212,-0.7994596303252033,-0.6347291174471544,-0.6520627311707317,-0.7273362064227642,-0.7485190786178861,-0.07619938417796748,-0.40331243818536583,0.09955170185691056,-0.49772346949430896,-0.5908825424796748,0.13926982172764227,-0.5293017946430895,-0.5769916833577236,0.1532827054398374,-0.6833149552113821,-0.6746316351219512,-0.0842086255799187,-0.7934581322764228,-0.8298314746341463,0.18141787069796747
5,WALKING,1,0.2791779603013245,-0.015483345533619205,-0.10566173681688741,-0.5076910113917219,-0.4027249060781457,-0.6464436401754967,0.6981537190728477,0.11231310973675497,0.09216071974499039,-0.96462910880794706,-0.9399737779503311,-0.9420786788410596,0.08410198996225166,0.001765683038410597,-0.0029537113427350993,-0.5758905356798013,-0.5065443586096027,-0.7845619948675496,-0.029451687364304636,-0.07743164455960265,0.08662671167450331,-0.7099556769834438,-0.7056383066887417,-0.6065898173807946,-0.10352287714735099,-0.04906245193741722,-0.050625816012251655,-0.6625813103344371,-0.7741142703642384,-0.5646807712490066,-0.4608664155687086,-0.5216234517119205,-0.4608664155687086,-0.5216234517119205,-0.5893138700066225,-0.5890312681331126,-0.6027702848258278,-0.6640783835327815,-0.7073835175827815,-0.7341874933443708,-0.5512377051324503,-0.44023243179503313,-0.6961718114900662,-0.4928298857486755,-0.4221621711003311,-0.6493512107483443,-0.22637068994205298,0.0748636861897351,0.006266317570794703,-0.6047698694387417,-0.5509919698574172,-0.7687623579801325,-0.5840136269834437,-0.4915004343039073,-0.7988355638079471,-0.1029208449910596,-0.27429092242043046,-0.16370624635165562,-0.6322393008298013,-0.7170621878145695,-0.5373291272932782,-0.7357385771854305,-0.7022903909602649,-0.6693536874834437,-0.03816469866490066,-0.07206660071956954,0.07440289879188741,-0.5285030227450331,-0.5942595297569536,0.07814555948453643,-0.5731761770441722,-0.6134851236092715,0.13161929893509933,-0.6773557557033113,-0.7157311481456954,0.06221911393529801,-0.7488293095364238,-0.7356106024834437,0.030756455656589406
6,WALKING,1,0.2694341519025424,-0.01639111239368644,-0.11790069208474577,-0.6476691703334746,-0.553142396078856,-0.7898450775423729,0.670506153601695,0.06123213664618644,0.058470277855847456,-0.9565189894067797,-0.9526131668220339,-0.9406466095338983,0.08664350911495762,0.001830607881949153,-8.109309896186439e-4,-0.6671987215025423,-0.6273570974105932,-0.871721440720339,-0.034284023414703386,-0.07725701162639831,0.10430875463894068,-0.7670686730529661,-0.7614380685169492,-0.7234902061538135,-0.0919680285336017,-0.04376567557372881,-0.05715134115076271,-0.739023005,-0.8200440630932203,-0.7063850715716101,-0.6191479504753814,-0.6267871098351695,-0.6191479504753814,-0.6267871098351695,-0.701327652220339,-0.6594523545762712,-0.6904881456144067,-0.7226364435161017,-0.7800469662288135,-0.7982027469067796,-0.6466203026525423,-0.5783550996190678,-0.8147383651694915,-0.6497721616297034,-0.5686091621210593,-0.793153623220339,-0.13916630366271188,0.05038800649495762,0.048458253168771184,-0.6777798177050848,-0.66059454675,-0.8596036724152543,-0.6866777979927966,-0.6163297045016949,-0.8825119095338984,-0.029511859703262713,-0.26965239093644067,-0.11390821986991526,-0.7100608165084745,-0.7616250618220339,-0.6681138814792373,-0.7861803111326271,-0.7641081180932203,-0.7704674563135593,-0.006387996066355932,-0.0908297418220339,0.03891966275720339,-0.6314954539823728,-0.6828160797161017,0.08678566733495763,-0.652860664036017,-0.6699808604961864,0.12334013105,-0.7386095039966102,-0.7609072363008474,0.03554719645805085,-0.8024720226271187,-0.8070057136016949,0.0636448772440678
6,WALKING_UPSTAIRS,2,0.2801790984269663,-0.020694959111797754,-0.1109400293258427,-0.12700060055865167,0.12146531101123596,-0.3613816088840449,0.736951892247191,-0.10319080820224719,0.018483304836853932,-0.965208976741573,-0.9464846147191012,-0.9306541886516854,0.0674351008988764,-0.003104012280898877,-0.006098688406741573,-0.17155396135505618,0.004090882033820227,-0.38690092661797754,-0.06743093818876404,-0.052994841852471906,0.07876256692808989,-0.35344952441573035,-0.2677813420449438,-0.27221502276179776,-0.058912855776404496,-0.050070036484269664,-0.04331032592831461,-0.03420011843820225,-0.30001454801123595,-0.05099238942516854,-0.055408269238202246,-0.10460886678651685,-0.055408269238202246,-0.10460886678651685,-0.15388888882022472,-0.08790044461797752,-0.1756249949105618,-0.2011807887741573,-0.20267603924719102,-0.23683550005235957,-0.13375797298876405,0.10200387882022471,-0.3363222241573034,-0.12724561491910114,0.05923010404494382,-0.43240940753932583,-0.33040785449438204,0.08187824743685393,0.28431271091011234,-0.2089562025,-0.08715003843483146,-0.3529815682696629,-0.207095971672,0.03546782015730337,-0.41962147395505617,-0.2708961748224719,-0.400274190841573,-0.06561165223382022,-0.07883276378314606,-0.2487957414494382,-0.08198304955617977,-0.4454128042022472,-0.28620515505617977,-0.41462115317977527,0.1225045045,0.08459620637078652,0.26578105893258425,-0.056280036896629214,-0.2741713419662921,0.1436095981235955,-0.07597343893258426,-0.11028850707235956,-0.02354374941460674,-0.15624071551685392,-0.38281698015955057,0.2862215264997753,-0.25258256356179776,-0.2708293374531461,0.13000602693595506
7,WALKING_UPSTAIRS,2,0.2702116978149351,-0.018790488766818183,-0.1124923753883117,-0.577518324748052,-0.5464033653457793,-0.4564736422569805,0.6812891208441558,-0.042022145249675326,0.03421607119286039,-0.9565381785876623,-0.9553125540909091,-0.9233047240909091,0.08318295731688312,0.007609097674188312,-0.007917256960487014,-0.6151313774082792,-0.622997416262013,-0.6643368605444155,-0.05187169294077922,-0.06460771130788961,0.09776717214061688,-0.6871554740974026,-0.6524086579090909,-0.6633407603311688,-0.09420373761826624,-0.04144014060827922,-0.06103079281487013,-0.7017312004844156,-0.6749201149574675,-0.7508087055941558,-0.5113120367474026,-0.510669879158539,-0.5113120367474026,-0.510669879158539,-0.6228157676802922,-0.5505602305857142,-0.5818998979675325,-0.5986707958392857,-0.7131913483376623,-0.6580178449483767,-0.593011288564935,-0.5635477851740259,-0.5310059414955519,-0.572347541484091,-0.567046977262987,-0.4607921232773052,-0.3117905123824675,-0.030071329639935068,0.014662085284448052,-0.6375219402438311,-0.6416873338502272,-0.6425157165742857,-0.6267857445844156,-0.6285316307194805,-0.6848564389538961,-0.11978430017462013,-0.23950171401590908,-0.22026086104905843,-0.6437675784935065,-0.6304192750061688,-0.6550833549058441,-0.7038836468961039,-0.6711619228376623,-0.6989495189058441,-0.13449177278577923,-0.10388451454756494,-0.0863412384825,-0.5183238788246753,-0.5838197960922078,-0.01068737452127922,-0.5533600096581818,-0.5506832549084416,0.10869573052253247,-0.6288772727911364,-0.6509236482077922,-0.035227633400555194,-0.6688791881563961,-0.668963362464935,0.0631920436939935
8,WALKING_UPSTAIRS,2,0.2707590632953737,-0.01818949746886121,-0.10680962368398576,-0.5829588630174377,-0.34938373204626333,-0.49947268791316723,0.6474981754092527,0.03032111131188612,0.08365424068079359,-0.9542566660355872,-0.9484464504733096,-0.9231806636014235,0.08421574537551602,8.603015817864773e-4,-0.019671991299430605,-0.5759930739117438,-0.45872492516797153,-0.6683567847551601,0.0035905389716014233,-0.09107750983266905,0.06408676115619218,-0.6562192422818506,-0.5709412370192171,-0.5113920380128114,-0.10496985520035587,-0.040092224033167256,-0.058288714836654806,-0.6749844522402135,-0.6830869302889679,-0.6959703017544484,-0.46852259284341635,-0.5540389792661922,-0.46852259284341635,-0.5540389792661922,-0.5342486166120285,-0.5644719999615658,-0.47621494382619217,-0.5814228853412812,-0.673625525658363,-0.7158383855160142,-0.5818314146483986,-0.3749442362064057,-0.5509793887199288,-0.5853434605355872,-0.3786564589679715,-0.5132063129590747,-0.21602226168647687,0.026329752412455516,0.0913951982033452,-0.5916350091060498,-0.495906215569395,-0.6442858024067616,-0.5985462452366548,-0.4563683958569395,-0.6914809169501779,0.021233676881067615,-0.1690615744113879,-0.08260861049501779,-0.6013824212483986,-0.5759384827113879,-0.5255629190474377,-0.6752753530782918,-0.5730872921725979,-0.5539685878697509,-0.11710279371565836,-0.15387969579619218,-0.043025880663523135,-0.5121067928569395,-0.651638076286121,0.1465414396819573,-0.529244911130605,-0.6180274149110321,0.2715288702786477,-0.6099842891800712,-0.6366738911441281,-0.023224152595191814,-0.7021562154672598,-0.7557172999644128,0.22374869333701067
9,WALKING_UPSTAIRS,2,0.2703138416215278,-0.020946655541239582,-0.10123382621388889,-0.5556565445381945,-0.5758878952125,-0.5061117760818056,0.6708455455555555,-0.046744699950902774,0.10435365303274306,-0.9587846661805556,-0.9499381152083334,-0.9205543178159722,0.08401714302916667,0.006784858483993055,-0.0010299808819444443,-0.5783051613600695,-0.6789238722743055,-0.7216100945694445,-0.07013181545614583,-0.07298843129916667,0.10909291323798612,-0.6764523925694444,-0.6704982207013889,-0.5875576922914584,-0.08922549306402777,-0.039734442181597225,-0.053402884281875,-0.7617108665625,-0.7732738788541667,-0.7446560382986112,-0.5051834705091875,-0.5530382553147917,-0.5051834705091875,-0.5530382553147917,-0.6216082450923611,-0.6088621453847223,-0.5502018665725694,-0.6631983850347222,-0.7629795809375,-0.7861768920486111,-0.5792584044086806,-0.6102678040902778,-0.5921191228042708,-0.5479957449079861,-0.5867660832326389,-0.5010740069659028,-0.29134922975256944,-0.08790032980416666,-0.03043342276642361,-0.6213771413128473,-0.6997666145694444,-0.7029319279965278,-0.572819893733993,-0.6790658550034723,-0.7391399227083333,-0.21917626621527778,-0.29610774408475693,-0.2902923031802083,-0.6398632195590278,-0.6839242876006945,-0.6126804631638889,-0.6906898955347223,-0.6672032207604167,-0.6194686341277778,-0.2059092545842222,-0.2408804402598611,-0.19615328069152776,-0.5531864482951389,-0.6244568271829861,-0.0035826912503472215,-0.609193721940625,-0.6116193431909722,0.0983598303289236,-0.7008630979861111,-0.6977294326215278,-0.10882863453576389,-0.7864739542013889,-0.8012962926388889,0.09277637367881944
10,WALKING_DOWNSTAIRS,3,0.2762388312136752,-0.018885718916282053,-0.1120876610025641,-0.425216183982906,-0.38670455077606836,-0.5231133725408119,0.6583591195726496,-0.16517777136752138,0.03073666622041453,-0.9642458533333333,-0.9527308796581196,-0.9297290244059829,0.08040004238888888,0.015377404689871794,-0.014398210145042736,-0.4143952320384615,-0.43196130878713673,-0.6906047559700854,-0.014465837823589744,-0.0863038250719359,0.08959437810790598,-0.5978737967465811,-0.4924824322102564,-0.5059815162162393,-0.11062834367264958,-0.043380952132264956,-0.0554261378425641,-0.6326691785897436,-0.7134411190598291,-0.6110264357051282,-0.384739666615641,-0.44358190387041024,-0.384739666615641,-0.44358190387041024,-0.47489732674687607,-0.41627693789871795,-0.4124416279128205,-0.5418309597329914,-0.6704020268803419,-0.7148639881196581,-0.41869427673931625,-0.3803940099363248,-0.5727548945051282,-0.4290984573358974,-0.43055442769153845,-0.5372418750102564,-0.19823746718440172,0.08889904404273505,0.12695580330154915,-0.4367616894846154,-0.45040244511824784,-0.654781895967094,-0.4441191324709829,-0.45162657150470087,-0.726013573974359,-0.08560861785961539,-0.18106351229615383,-0.020810851096153847,-0.5317279374269658,-0.5641146319444444,-0.4675046440863248,-0.6210408688162393,-0.46053589728632477,-0.5650369811547009,-0.09330714516606838,-0.1295847659457265,-0.07232243607606838,-0.4078072337042735,-0.5527396468166667,0.15158566344615385,-0.39839845136324786,-0.4462806976357692,0.12717476854405982,-0.5852226029529914,-0.5937706517264957,0.004725689840115384,-0.7132523578205128,-0.7379511084188034,0.1357795522957265
10,WALKING_UPSTAIRS,2,0.2792260805,-0.013741069933333334,-0.1082356298,-0.9769146671666666,-0.9291410916333334,-0.972264913,0.5826375121666667,0.2814715215,0.1506301434,-0.9719009915,-0.9615175248333333,-0.9737183023333333,0.07751305508333334,0.0033083178638333333,5.101052748333336e-4,-0.977836345,-0.9625103298333333,-0.98521482950000006,-0.03424484349666666,-0.078152882769,0.0966117812,-0.9704295458333333,-0.9768509748333334,-0.957569497,-0.0984885261,-0.038682078683333336,-0.05604348839666667,-0.9784833521666667,-0.983924353,-0.9823181391666667,-0.9617663145,-0.942239747,-0.9617663145,-0.942239747,-0.978933889,-0.9702882948333333,-0.9483946826666667,-0.9464602671666666,-0.9843145413333333,-0.9792574083333333,-0.9753106968333334,-0.940255585,-0.9760610501666667,-0.9782498448333333,-0.9283000787833333,-0.9715283706666666,0.007987044661666665,0.11787740315,0.24323874364,-0.9781203061666667,-0.9634427765,-0.9826301395,-0.9796124291666667,-0.9643878260000001,-0.9864711005,0.18049724774,-0.02366161426666667,0.13623099873333333,-0.9661191675,-0.976870853,-0.9572695305,-0.971946495,-0.9770340218333333,-0.9614996038333333,0.03895390273333333,0.07343779327833333,0.036693166038333336,-0.9513486186666666,-0.9469763211666666,0.257758402675,-0.9704360128333334,-0.9693393413333333,0.3030746225666667,-0.9589649573333333,-0.94776606,0.04078922134,-0.9804382703333333,-0.9789975373333333,0.22300298927833334
11,WALKING_UPSTAIRS,2,0.27658531139556963,-0.019127253193322785,-0.10894176164240506,-0.5894764977955697,-0.49037934699683544,-0.6653243142278481,0.7305261849367088,0.05273870286139241,0.14020986124683543,-0.9753944576898734,-0.9571387707278481,-0.9568120004113924,0.08301345406582279,0.007804425434303798,-0.006574249752594937,-0.6593230830550633,-0.6087842267199367,-0.8425118160443038,-0.05473284402724683,-0.05822757708132911,0.08728410968235602,-0.7399221266287974,-0.7035017664873418,-0.7250160087974683,-0.08054733098734178,-0.049391406547468354,-0.04801401672674051,-0.7817381406012658,-0.8683772540822785,-0.7954908824683544,-0.5428250328136076,-0.6128822709126582,-0.5428250328136076,-0.6128822709126582,-0.6798195045474683,-0.6642417603702532,-0.6283678510664557,-0.6967713789579114,-0.8268290284810127,-0.8669050126265823,-0.6195240283246836,-0.5314552656625317,-0.7500261457911392,-0.5794917547493671,-0.5025702402433544,-0.6520956711085443,-0.22436042071772153,0.03185514637594937,0.050278300907531645,-0.6766729871664557,-0.6323746886060126,-0.825559590221519,-0.672195644346519,-0.6094449982477849,-0.8582596306012659,-0.08742549253822784,-0.24257259720601265,-0.0992296316156962,-0.7099493321170887,-0.7768528689556962,-0.7088429792721519,-0.7517582771677215,-0.6708927130667721,-0.7559606283544303,-0.1118749251128481,-0.18177802818607594,-0.0810951668035443,-0.6115280743591772,-0.6744701590094937,0.12725035020425,-0.6561334732746835,-0.676925075857595,0.15836355185813292,-0.7575859395886076,-0.7112672196822785,-0.10978179348268988,-0.864827011392405,-0.8792540167405063,0.11789211326962025
12,SITTING,4,0.275639357761194,-0.01848613884597015,-0.10791726244776119,-0.5086651967671642,-0.4013576134641791,-0.7224436390298508,0.6299647789552238,0.11265259655895522,-0.04945201370373134,-0.9730396568656716,-0.9616845701492537,-0.956887170522388,0.057236645520895524,0.010632586489402985,0.015533848144537314,-0.48751385358955224,-0.44179849937022386,-0.8130447007462687,-0.07027843629850747,-0.04224184248955224,0.08931157004940299,-0.6773075619977612,-0.6803988041044776,-0.6992457413955224,-0.07269242620597015,-0.04573747951791045,-0.051511092270373135,-0.6231895902910448,-0.7863127817164179,-0.7131141783059701,-0.48541987691940297,-0.5090507371470149,-0.48541987691940297,-0.5090507371470149,-0.5538132661447761,-0.46846213963955224,-0.5859572694149253,-0.6417746402286567,-0.7350157018656717,-0.7427608399253731,-0.49811915784104477,-0.39269413102462686,-0.75610207,-0.514152324191791,-0.4449100016597015,-0.7284696064925373,-0.1884753192691791,0.10242112705373134,0.05313742020223881,-0.5146420258059702,-0.47174480438955224,-0.7992841406716418,-0.5057450223888059,-0.4473392845272388,-0.8256205839552239,-0.10560427375373134,-0.2320841042238806,-0.10147347984582089,-0.5856695055067164,-0.7081845162686567,-0.6448804811119403,-0.7078310663955224,-0.6696223230597015,-0.7484317526865671,-0.04941899768880597,-0.10738674910470149,-0.012401189420149252,-0.47792395599402987,-0.6055297650761194,0.12090400245395522,-0.4611532294395522,-0.48091883964701493,0.09543831117910448,-0.6690951129746269,-0.6874800540746269,-0.0023888871509701493,-0.7492075466268656,-0.7532651655223881,0.015366000927238806
12,WALKING_DOWNSTAIRS,3,0.27214579467741934,-0.01822990756084129,-0.1057355064516129,-0.6382084402903225,-0.6089832650268817,-0.682615496811828,0.7491177636666667,-0.02958537475107527,0.09245175953462366,-0.9633085215591398,-0.9597720338709678,-0.9395476318817204,0.0799354253827957,0.0014780941169892476,-0.010660966093978494,-0.6507902647849463,-0.6646996911324731,-0.777908761827957,-0.0575264551461828,-0.07142186985806452,0.10094622748494624,-0.7643168402521505,-0.7744444335483871,-0.6507501493655914,-0.07341674711021505,-0.04219570570967742,-0.061743198383333336,-0.7720696921505377,-0.8291855861827957,-0.7754585773655914,-0.613018446822043,-0.6214563411822581,-0.613018446822043,-0.6214563411822581,-0.6849740845752689,-0.6368983442978494,-0.6645994878817204,-0.7158966472043011,-0.8077533816129032,-0.8178157954301075,-0.6371317222080645,-0.6173701700903226,-0.7054151788172043,-0.6393484595860215,-0.6310031414091398,-0.6966650966129032,-0.18032546478655914,0.0027027878919354846,0.08027473883010752,-0.6599620979784409,-0.6774250084027419,-0.7582388794086021,-0.6729967057795699,-0.6741414680725807,-0.7963086122580645,-0.004125719794408604,-0.18496163696290321,-0.09474752741236558,-0.7156950032795699,-0.7711757102688173,-0.666367678483871,-0.7810573750537635,-0.7794449612365592,-0.6792728736559139,-0.10951505243172042,-0.10725448667258064,-0.10263465553064516,-0.6178976703548387,-0.6829551698139785,0.04294900080706989,-0.6385054271838709,-0.6369550521344086,0.1485743131091398,-0.752048340967742,-0.742461579639785,-0.07661999242795699,-0.8192209734946236,-0.8291297541935484,0.11037049125209678
13,SITTING,4,0.27589587619877676,-0.0176504796070948,-0.10913528555076453,-0.6248444601990826,-0.4488160978533639,-0.587230562129052,0.7099965169082569,-0.04208581011620795,0.04430105367862385,-0.9672680634556575,-0.9535407168501528,-0.9387278802752294,0.07943930345503059,0.003879619533281346,-0.01234859236416208,-0.6388895325990825,-0.5697005474880122,-0.7284529663119266,-0.056247061898006115,-0.06166137874948012,0.09886605968642202,-0.7151098596727828,-0.645728612088685,-0.6433372850336392,-0.08811823794342508,-0.0440836605146789,-0.05827187487125382,-0.7157729801896024,-0.7189885918318043,-0.7127164284984709,-0.5398716372495412,-0.5972309820626911,-0.5398716372495412,-0.5972309820626911,-0.6254669388091744,-0.6102485402699388,-0.5812154031847094,-0.6363649395443425,-0.7127450360122324,-0.7120561867477064,-0.638817912651682,-0.4934671931371254,-0.6297362587318043,-0.6206020364525994,-0.46258445862782877,-0.5990368952714067,-0.22205664671131498,-0.034831146392752296,0.0487260271941896,-0.6600821740715597,-0.6033404899376147,-0.7108317303614679,-0.649606227431844,-0.5621298669376452,-0.7448235395718654,-0.024196182345688072,-0.2383285466853211,-0.12060548817602447,-0.6586424214058104,-0.6471528178993884,-0.620471226529052,-0.7346579890519878,-0.6506235588474006,-0.685774481529052,-0.11264546940642202,-0.08061301906085627,-0.005050369693391436,-0.5899281085990826,-0.6653448585932722,0.0849475684648318,-0.6072952964238532,-0.6170754731064526,0.1828612499470948,-0.6522253065443425,-0.6919151613363914,0.0625891805875841,-0.7120543665042813,-0.7331835677599389,0.15741746342174312
14,WALKING_DOWNSTAIRS,3,0.2687424945532787,-0.016637130065942623,-0.09960070598770492,-0.4938759007532787,-0.19035678414442622,-0.08297898831913934,0.6957107236885246,-0.16554842759836066,-0.25549912199590163,-0.933986522704918,-0.9348784468278688,-0.9039594986885245,0.07316365268348361,0.004686802470901639,-0.0010970521428278685,-0.5307999526576229,-0.4593976799831967,-0.5520000179548361,0.00779788388987705,-0.10135625650819673,0.04831308200409836,-0.6493050140860656,-0.21665077837479507,-0.16936650962377048,-0.10982685253289755,-0.043917783785610655,-0.04186104597172131,-0.7231506136065574,-0.6058333350491804,-0.5254514169131147,-0.29092762277540984,-0.3216766875454918,-0.29092762277540984,-0.3216766875454918,-0.48798470692663937,-0.4832218878028279,-0.24512440580774592,-0.31737746429508196,-0.6082567676766394,-0.645034678692623,-0.5035785783938524,-0.2927747382430328,-0.27259114965983605,-0.49109057826864755,-0.1941617408922131,-0.059835289800778686,-0.34885362172540985,-0.16456495246393443,-0.14059524554467212,-0.5472283929668033,-0.47560267201639345,-0.5026423726905738,-0.5561722869094262,-0.47963652239713117,-0.6010037729881148,-0.20508941267090164,-0.3630109577213115,-0.304637150325,-0.6115221855,-0.3552487749215164,-0.2475978759680328,-0.6639382087008197,-0.1509117390187295,-0.22572907318114754,-0.26035344808032784,-0.35002956284918035,-0.26616726689467213,-0.33954605254918035,-0.41945810925778687,-0.06819669624340163,-0.4725190231067623,-0.5019222336729509,0.08407929677213115,-0.40832831025532784,-0.3770129340627869,-0.12443495584221312,-0.632288075747377,-0.6893811722213115,0.06652258372696722
14,WALKING_UPSTAIRS,2,0.27463868151898735,-0.015074005440506329,-0.10526436667772152,-0.9754943215189873,-0.9441896434177215,-0.943891439113924,0.5990989754050633,0.05461098427468355,0.1301358674556962,-0.9636665103797468,-0.9655383365822785,-0.9528933750632912,0.07730170823810127,0.003664751835848101,-0.0069576409346962026,-0.9853069330379747,-0.9789041043037975,-0.9807132902531646,-0.023047440764556962,-0.0773800849721519,0.09884075986075949,-0.9737620517721519,-0.9620390411392405,-0.9671016181012658,-0.10054274712658227,-0.04147388053164557,-0.05497867993151899,-0.9813098720253165,-0.9823213026582278,-0.9868411670886076,-0.9546517267088608,-0.9447065869620254,-0.9546517267088608,-0.9447065869620254,-0.9826600793670887,-0.9817146650632912,-0.945647504556962,-0.9474697155696202,-0.9854887627848101,-0.9802527902531646,-0.9775900465822784,-0.9570216982278481,-0.9597205905063291,-0.9748374397468355,-0.9410205291139241,-0.9396154626582278,-0.22749360817594938,-0.11762183243417722,-0.006689478700000001,-0.9853497487341772,-0.9788974262025316,-0.9772061955696203,-0.9866538897468354,-0.9805826251898734,-0.982966496835443,0.025639201518987343,-0.12727992160759494,-0.03709310013164557,-0.9698649896202531,-0.9660229479746836,-0.9685025507594937,-0.9751384918987341,-0.9602616227848101,-0.9696227029113924,-0.18261925686202532,-0.33124323030886077,-0.048044990753164554,-0.9582673830379747,-0.9461191010126583,-0.034962167984810125,-0.9810489382278481,-0.9814869198734177,0.3014306933556962,-0.9590728248101266,-0.9490809401265823,-0.1821243894493671,-0.9810545873417722,-0.980403827721519,0.16561149316329113
15,WALKING_DOWNSTAIRS,3,0.27821340725,-0.016464484771310975,-0.1125635875945122,-0.5565411730893293,-0.4816795379560061,-0.7057066238689025,0.6888725115121951,0.102660491875,0.03728977017570122,-0.9687333986280487,-0.9563694939939025,-0.9472400580487805,0.07768974113048781,0.004893920527064024,-0.0044099319007774385,-0.6240557821585366,-0.5943126780450915,-0.8258208815762195,-0.028127878061067074,-0.07587884551987804,0.0906658516,-0.6968594730457317,-0.7087790691914634,-0.7218269875304878,-0.09609101085396342,-0.044127069018201216,-0.05556454568810976,-0.7313827110365854,-0.8539565920731708,-0.7956261983841464,-0.5272853520004878,-0.5571478741760366,-0.5272853520004878,-0.5571478741760366,-0.6547996947575305,-0.6256603765466463,-0.6177217797960366,-0.6753369600478658,-0.8052826695121951,-0.8371200780792682,-0.5837723174451219,-0.5077352057783842,-0.7417457246981707,-0.5471508554439024,-0.5015684352333841,-0.7114313403567073,-0.2186371199679878,0.0505085375937378,0.04245195950179878,-0.6434695193615854,-0.609408057377744,-0.8055434655884146,-0.6376551550928353,-0.6058548826226524,-0.8451110607621951,-0.049027356665070125,-0.197408729697561,-0.07378344705213415,-0.6643544288564024,-0.7607114110060975,-0.7111945399207317,-0.7093361681768293,-0.6845047357445122,-0.7516965271951219,-0.14325667384164634,-0.22213746904390244,-0.05797605773402439,-0.562948391223628,-0.6236556181981707,0.06142791873795732,-0.6148176051259147,-0.6431011670695121,0.1584042182,-0.7323944938414634,-0.6953468396829269,-0.1496808646463741,-0.8368018940243902,-0.8496344638414635,0.09555642335893293
16,WALKING_DOWNSTAIRS,3,0.27788744037431695,-0.01585678883090164,-0.1072639244453552,-0.6681614982986339,-0.6499470678928961,-0.6038199023860655,0.7009061303087432,-0.06052359937978142,0.04020755362349727,-0.9711564321311476,-0.9647275199453552,-0.9452940286393443,0.07754888853743169,0.008840183282702186,-0.001437300055642076,-0.7278617435245902,-0.7350801980437158,-0.7678730493800546,-0.012234144672513662,-0.07244448039808743,0.07301446515300547,-0.7995344504918033,-0.810124133715847,-0.7376299679617486,-0.10736161480125683,-0.04166156689396175,-0.053947041087349726,-0.8582987191530055,-0.8695731205737705,-0.8370399260655738,-0.6161311168890438,-0.6617196904918032,-0.6161311168890438,-0.6617196904918032,-0.7252468704863388,-0.7196470282385246,-0.7181687756284153,-0.7848228657923497,-0.8604463724590163,-0.8748001656830601,-0.7008851473418033,-0.6715721470987979,-0.6609899481604372,-0.6569690450584152,-0.6618445305068306,-0.6056467253071038,-0.23857046024180328,-0.027643471976666667,0.02782346357248634,-0.7446620416120219,-0.7486270015519125,-0.752302172079235,-0.7347767366130601,-0.7384343981054645,-0.7820895153442623,-0.03188891092786885,-0.19451196903174864,-0.170592442202459,-0.789780147036612,-0.8159621300273224,-0.7562866417213114,-0.8049918315027322,-0.8094214481420765,-0.7569936407240437,-0.13789909123128416,-0.15801840884289617,-0.05389462937319672,-0.6669625082467213,-0.7126809907653006,0.055866821471038254,-0.7131676137061476,-0.7298693987696722,0.22168363227551913,-0.8171288192076502,-0.802078223409836,-0.05012213415191257,-0.8727722827322404,-0.8865332122131148,0.15321123956204918
17,SITTING,4,0.27344147274375,-0.01808885597728125,-0.10911191945896875,-0.5508679322638438,-0.507275258134,-0.613217322774375,0.668613344125,0.01046225616875,0.0223722077328125,-0.9695361643125,-0.9570481696875,-0.94542101409375,0.08251105141625,0.00885228208375,0.0038265328758750007,-0.635949363671875,-0.6209185283574999,-0.78668123990625,-0.01284166884445,-0.08338809915680626,0.07451578180365626,-0.7250048879375,-0.73173270325,-0.6810022211071874,-0.1090840581571875,-0.03902962112709375,-0.05040912156490625,-0.75779255871875,-0.80093311453125,-0.7804575046875,-0.5069060000204375,-0.5852874085465625,-0.5069060000204375,-0.5852874085465625,-0.6520738576953125,-0.6493161392134374,-0.6306939066517188,-0.71559290114375,-0.78281769309375,-0.80013424171875,-0.6007239046197812,-0.5459473900430313,-0.67938986181875,-0.533671600249375,-0.519062339910625,-0.6090079445296875,-0.256068433214375,-0.004418418288406251,-0.015670789182375,-0.6751347423640625,-0.65093749483125,-0.7744940495625,-0.6288998856821875,-0.614345425693125,-0.79753323615625,-0.1305409641696875,-0.19913623710953124,-0.2019578676994375,-0.6902468424515625,-0.7428462089375,-0.68792205428125,-0.737661758785625,-0.72779753184375,-0.708869113253125,-0.07941985093034375,-0.10900673470515625,-0.0471110402193125,-0.5959080480509376,-0.644502428118125,0.01921960917490625,-0.6535314007484375,-0.647886818483125,0.188333227357,-0.73703546740625,-0.7525235544375,0.013424921491593751,-0.8045235876875,-0.8098826564375,0.2178745580421875
17,WALKING_DOWNSTAIRS,3,0.27795005020833335,-0.013893261375416667,-0.10978607760416667,-0.9923706545833333,-0.9652057283333333,-0.9763523079166667,0.9010978597916667,-0.17504772675,-0.28488058041666664,-0.9866749102083333,-0.9705558916666667,-0.9731605454166666,0.07403942377083333,0.006070927731041667,-0.00478813832875,-0.993627979375,-0.9871957722916667,-0.9910616989583333,-0.026848276775,-0.07819643980625,0.09375361485416667,-0.9857193333333333,-0.985762623125,-0.9856664891666667,-0.099654922875,-0.04012076854208333,-0.05378651457083333,-0.9923574677083333,-0.9930256510416666,-0.9935432910416667,-0.97810887125,-0.97465493875,-0.97810887125,-0.97465493875,-0.9924074608333333,-0.9914814316666667,-0.9794599008333333,-0.9804943264583333,-0.9945751645833333,-0.99273415625,-0.9921572177083333,-0.973701284375,-0.9826645120833334,-0.9924339945833334,-0.9627148304166666,-0.974056181875,-0.02778538428125,0.0700889126375,0.16240400616666667,-0.9936608245833334,-0.9868704575,-0.989427028125,-0.9941786422916666,-0.988578176875,-0.9912584904166667,0.25766061329375,0.088375064625625,0.10143551535416667,-0.9851342027083333,-0.9874055927083334,-0.9864297497916666,-0.9860270052083333,-0.984919989375,-0.986650575625,-0.09232213938958334,-0.09192205291666666,0.06669742411666667,-0.9813965333333333,-0.974433710625,0.14428465202083335,-0.991203280625,-0.990655515625,0.4034667979166667,-0.985919111875,-0.98029209625,-0.05206029597916667,-0.9931303391666667,-0.99249013458333335,0.3322457234166667
18,SITTING,4,0.27795824,-0.01729741093,-0.110021546,-0.9917052063333334,-0.939095257,-0.9507530176666666,0.9625811616666666,-0.18001883566666665,0.0783976787,-0.9956797983333333,-0.97557713,-0.9737592973333333,0.0756560724,0.01212352927,4.263435273333335e-4,-0.9898081253333333,-0.968781037,-0.9890641516666666,-0.025923628293333334,-0.07444582796666667,0.0854533145,-0.9504615056666667,-0.9776609803333334,-0.9623303116666667,-0.0981970214,-0.03979304953333333,-0.053319608,-0.9761981656666666,-0.9918060910000001,-0.9827657026666666,-0.9636858343333333,-0.964222192,-0.9636858343333333,-0.964222192,-0.9843366139999999,-0.9837336396666667,-0.95188781200000006,-0.9479424813333334,-0.986611885,-0.9863544973333334,-0.990052909,-0.9498110153333333,-0.9727380816666666,-0.9924698083333333,-0.937087901,-0.9435083023333334,-0.037780175066666664,-0.0957290482,-0.10991920072666667,-0.9896497280000001,-0.969070922,-0.9867784066666667,-0.9909529016666667,-0.9707642763333333,-0.990011026,0.14719085133333334,-0.19518012373333332,-0.02231055552333333,-0.9536685056666667,-0.9827656143333333,-0.9664664556666667,-0.9503920716666666,-0.9750298336666666,-0.9644316523333334,-0.3070395697666667,-0.37575998646666664,-0.22983558001566667,-0.9713732900000001,-0.9651016646666667,-0.04220509081,-0.9825388873333334,-0.9842855953333334,0.36429710606666665,-0.9646280236666667,-0.9468382383333334,-0.3146461093333333,-0.987332531,-0.9856817883333333,-0.008020047746666665
18,STANDING,5,0.27617737778443113,-0.01728187415619072,-0.10794075751197604,-0.6679323052095808,-0.599095553763473,-0.6792166703293413,0.6947927770958083,-0.001030184326347304,0.09103141681137725,-0.9787427665868264,-0.9689999555988024,-0.9581474902994012,0.07764483013562874,0.012953444526212575,8.864674233029942e-4,-0.7117255570658683,-0.7117884691317365,-0.8345206653293413,-0.03843013602050898,-0.06722487719266466,0.09132414646407186,-0.7914264437215569,-0.7593707615568862,-0.7261468099101797,-0.09406217403209581,-0.044562252745808384,-0.057165201412215566,-0.8309200029341317,-0.8743718246407186,-0.8256669647604791,-0.6309474597005988,-0.6650116836437125,-0.6309474597005988,-0.6650116836437125,-0.7332071975149701,-0.7237887863353294,-0.6934345779041916,-0.7603152782874252,-0.8485186301197605,-0.8797818797904191,-0.6894530510479042,-0.6379574496407185,-0.7422313876347305,-0.6604895379041916,-0.6055104239610778,-0.6725416762784431,-0.22578278024393114,0.024075821855389222,0.012466162992038921,-0.7284964559281437,-0.7239076830838324,-0.8192225329940119,-0.7202033720359281,-0.7183984536526946,-0.8485064931137725,-0.08856959850838324,-0.21329298146098802,-0.13230105512185628,-0.7728554637365269,-0.801441592754491,-0.7370160205389221,-0.7997605559730538,-0.7403214573952096,-0.7485927444011976,-0.09622116251212574,-0.2337752024301497,-0.0764512199938024,-0.6731543806377246,-0.7131377985329341,0.10308132757065869,-0.7207476184041917,-0.7291634237125748,0.21204859100851198,-0.8029625491616766,-0.7756704382874251,-0.03426100554820359,-0.8754412104790419,-0.8947090254221557,0.21130797185757486
19,SITTING,4,0.26972348710555555,-0.018203151571030557,-0.11827718009938333,-0.5746589229191944,-0.5070350849926389,-0.6491847265569445,0.475323016,0.09640526266666667,0.23301140119508335,-0.9582904478611111,-0.95925383425,-0.94180028475,0.07741711477663889,0.011581242196087556,-0.0018619885019583332,-0.5710882661460833,-0.5713111904322222,-0.7053429761908333,-0.03857239533465111,-0.06814206031777778,0.08836095915591667,-0.6377899145755556,-0.6438663005603056,-0.6456822121891667,-0.08959394250555555,-0.03832087366702778,-0.056964944428694445,-0.6188362066344445,-0.7259913806238889,-0.6866845838315834,-0.5315073621113611,-0.5995527674863056,-0.5315073621113611,-0.5995527674863056,-0.5762252472125,-0.6019185528719444,-0.5489196681322223,-0.6100933807402777,-0.6834365418244445,-0.7255986988425001,-0.5870503550975278,-0.5218880766097778,-0.6470262982840278,-0.5708979748225,-0.5309015850223611,-0.6802913826372222,-0.21243328295394445,0.07038736342172222,0.16038389388827778,-0.5931571691746111,-0.5966949439369444,-0.6809244931805556,-0.5869101289808333,-0.572596722878,-0.7285219014988611,0.002638829569166666,-0.16078759613761112,0.0022557991006861115,-0.5530895759427777,-0.6413372998177778,-0.6026253078183889,-0.6660713155998889,-0.6501054023477778,-0.6947290754916666,-0.03218426090683333,-0.19629760694,-0.04150137691063889,-0.5564044449679723,-0.6898609201138889,0.11577517063576667,-0.5760646478122777,-0.6410890058577777,0.23207477510138888,-0.6362879997991666,-0.6623259681458333,-0.019933624845833334,-0.7195190087527777,-0.7542237394416667,0.12862973938944444
20,LAYING,6,0.2682106896794872,-0.015439435299102564,-0.10343206241794872,-0.5465354229615385,-0.25901130009615386,-0.6397301686474359,0.5909749584679487,0.0024364829166666677,0.10778971865185898,-0.9580456405128205,-0.9511496212179488,-0.943657000576923,0.0750346921474359,-0.002744000974551282,-0.0025149548518397435,-0.5862159411769231,-0.4261203533974359,-0.7389134567307692,-0.02247268344096154,-0.07896271943102565,0.09002539766576922,-0.6523963918141026,-0.4858944846057051,-0.4608431864076923,-0.09455470521083334,-0.040201242982051286,-0.05257245706153846,-0.6531860694903846,-0.6435731375128205,-0.5369000636487179,-0.45242932609984615,-0.5190174208782051,-0.45242932609984615,-0.5190174208782051,-0.5645559988641026,-0.5408476170732692,-0.43512225817564104,-0.5214713979192308,-0.6246278279038462,-0.6530763687128205,-0.5706379217121795,-0.32495968037910256,-0.67195587225,-0.5385612234916667,-0.27394813737115387,-0.6508893122435897,-0.27354170088397434,0.04039404522371795,0.09643315459816025,-0.6245232790692308,-0.46699613387820516,-0.7307666424358974,-0.5841110337397436,-0.4204022559358974,-0.7457328641666666,-0.14084370882307692,-0.2701896135145513,-0.17111106092865386,-0.5793824741891026,-0.5263039942166666,-0.4311551635442308,-0.6768830516474359,-0.4670987635064103,-0.5225344728846154,-0.12984570468076923,-0.16084812543589744,-0.045147144815512824,-0.505493351425641,-0.6042225572205128,0.0738546529198077,-0.5381599364205129,-0.5484979299247436,0.11667288623589744,-0.5473326912980769,-0.5883287994679487,-0.002630091963333332,-0.6593419517692307,-0.6704518945339744,0.09479265938948718
20,STANDING,5,0.26859520563636363,-0.019286707438939395,-0.11165109032626262,-0.650788909160606,-0.4562597539853535,-0.6308930018636364,0.6572438991919192,-0.06861816555555555,0.10679036740404041,-0.9583249467171717,-0.9535760806060606,-0.9388735968989899,0.08358689113737373,0.006111877652474748,-0.006074914916898991,-0.6593095921166666,-0.6067931001515151,-0.7540194523030304,-0.0256483096989899,-0.07893075640611111,0.082163496089899,-0.7099481037979798,-0.6428396666272728,-0.5796205274787879,-0.09531897677222222,-0.0424081459060606,-0.05566132285757576,-0.7339411152575758,-0.7163532991262627,-0.7153586418181818,-0.5683341167510101,-0.6143263774545454,-0.5683341167510101,-0.6143263774545454,-0.6631445659666667,-0.6263023059601011,-0.5812616425717172,-0.626155662129697,-0.7308647823787878,-0.7074768285212121,-0.6457345376313132,-0.5063203911565657,-0.6595320339161617,-0.6540362483066666,-0.46629867046767676,-0.644857545959596,-0.19243678894747474,-0.052280991254242425,0.06340815538434344,-0.6741207313077222,-0.6293268604015152,-0.7344657753080808,-0.6745759972070707,-0.609033040979596,-0.7721510091464646,-0.058266622464545455,-0.3160697341010101,-0.17586867831984848,-0.6635252287843434,-0.6420436492089394,-0.5872179335712121,-0.7262263420606061,-0.6467624210166667,-0.6163403934065657,-0.17119748889005051,-0.22598583451676768,-0.21172350511161617,-0.603443252690404,-0.6830387647267677,0.04996495934545454,-0.6211380913719192,-0.6358413813323233,0.06402089982909091,-0.6539586065117172,-0.6732307204949495,-0.11891587214767677,-0.7188713855526263,-0.7137688681691919,0.015476071933333337
21,SITTING,4,0.2774665255220588,-0.01766645785617647,-0.10877848058848039,-0.672323867377451,-0.5655851903362991,-0.6696218131764706,0.6457759578088236,-0.07509630714460784,0.03218517743627451,-0.9655866344607843,-0.9693308184558823,-0.9530939933088235,0.08222078747769608,0.0035010755358485294,-0.01065907267129902,-0.6997633442057843,-0.6651591231056201,-0.7818239014829902,-0.027634663930357843,-0.07847197368389706,0.08612126683627451,-0.7961722868995098,-0.765057760637255,-0.7016420284995588,-0.10055831788921568,-0.04082361418633333,-0.05338610464164216,-0.7924831567205882,-0.815859336004902,-0.8120173121813725,-0.6203092595536764,-0.6601960145,-0.6203092595536764,-0.6601960145,-0.7034612758796569,-0.6800692189539216,-0.6937792245171569,-0.761303119652451,-0.8078174031372549,-0.8240898999509804,-0.6934860971441177,-0.5937782141490197,-0.7077137990218137,-0.6653496634264706,-0.5787485868318627,-0.6755881927786764,-0.23097616815603922,0.041276140340333334,0.04955204528251716,-0.7164141314504902,-0.6786151187289216,-0.7673519865553922,-0.7098007283882353,-0.6741023606551471,-0.7949228136736275,0.016869757149705882,-0.16181448572230392,-0.1128172226769853,-0.7520408286519608,-0.7593257148112745,-0.7094714204656862,-0.8110267101102941,-0.7713883188235294,-0.7283193047306372,-0.08901065778995099,-0.1864579664392402,-0.022885187321813726,-0.6586647195147058,-0.7143457392159314,0.08465126094718137,-0.6797425848093628,-0.6837251274183823,0.24432186187764707,-0.7764730601715686,-0.7931585262794117,-0.005719226257352941,-0.8262750260539216,-0.8349498632598039,0.20564365593397058
22,SITTING,4,0.2792415319080808,-0.01686230737622727,-0.10855895108333333,-0.6315631591373737,-0.5933705930935859,-0.7191653412075758,0.675242930959596,0.023580836313131313,0.23663716040540403,-0.9708864225252525,-0.9648663002373737,-0.9452375366717172,0.08471629291464647,0.018957343347373735,-0.003541664412676768,-0.6646505373979797,-0.6490088265823233,-0.8116097386868687,-0.012282055398181817,-0.09098782139949495,0.08461773565454546,-0.7431705514616161,-0.8363074223232323,-0.7206188095151516,-0.10604577213636364,-0.037223826206565655,-0.05436239012222222,-0.7608855913131313,-0.8985494529797979,-0.7909427743939393,-0.5977995440117172,-0.6747283111828283,-0.5977995440117172,-0.6747283111828283,-0.6872934471429293,-0.6719198662381818,-0.7042961131212121,-0.7324231635772728,-0.8387586363636363,-0.8626699192424242,-0.6726656037767677,-0.6061669932414141,-0.7508108428383838,-0.617357217010101,-0.6131029623434343,-0.7242942448106061,-0.13189235727575757,0.027620370829747477,0.07427972288030303,-0.6800881106454545,-0.6588889586969697,-0.7955245330808081,-0.6789178606348485,-0.663075714679899,-0.826747967929293,0.11921008287373737,-0.16540242449646464,-0.025393744408080808,-0.700048715979798,-0.8440997684848485,-0.7127002622575758,-0.758195876909091,-0.8335102851010101,-0.7492826578787879,-0.18922931636414142,-0.2366992854831818,-0.04968007864868687,-0.6579992410323232,-0.7366390798232323,0.11466038751551515,-0.6674493719343434,-0.6806483143146465,0.19515951912626261,-0.7813888488888889,-0.7481097822323233,-0.16712824355050504,-0.8653971855555556,-0.8703454704545455,0.11774901272525252
22,STANDING,5,0.2675658958292683,-0.016771104312121952,-0.10884974498211382,-0.4084989970888618,-0.32670006008943087,-0.5519434905073171,0.5033851261788618,0.04427367591869919,0.23468167949593496,-0.9385725310569105,-0.9451803702934959,-0.929170545691057,0.07006726251471544,0.00930099346105691,-0.01316401407617886,-0.456687476,-0.417944389701626,-0.6781434338211382,-0.0011233935016260166,-0.10137018874878048,0.07580438786666667,-0.619856056592683,-0.6999342488617886,-0.5479552757642276,-0.11442775986674797,-0.040454172304715444,-0.0644152729899187,-0.6252125113333333,-0.7977475372357724,-0.6639259466747968,-0.35326449541463417,-0.46914619015463416,-0.35326449541463417,-0.46914619015463416,-0.48498354358292683,-0.4576674354304878,-0.5304080521658536,-0.5861604217837398,-0.7237275682926829,-0.7682581528455285,-0.469793729799187,-0.35042599302764227,-0.5851177369674797,-0.38665894200162604,-0.35859435695609754,-0.5708999709837398,-0.2601347979440569,0.05261886382195122,0.09085126634065041,-0.48217749637479673,-0.4381796811747968,-0.6498408366666667,-0.4793762507134146,-0.43685187652985363,-0.7054066658536585,-0.018214294628048782,-0.19938838128373984,-0.08117841497723577,-0.5422287749918699,-0.7065655631707317,-0.5317478061382114,-0.6454075071300813,-0.6992012608943089,-0.596342575910569,-0.12374712187617887,-0.14285775179682927,-0.054769547068617884,-0.43965118856585367,-0.5728955000552846,0.08495291482764228,-0.4534314418178862,-0.46831481269349595,0.10845518483739837,-0.6424922040650407,-0.6215113073089431,-0.07444848838130082,-0.7735201248780488,-0.779661007398374,0.12247671919512194
23,STANDING,5,0.27349325473010755,-0.01958925878682796,-0.10909398238524194,-0.622594039757258,-0.532078546615699,-0.45055720340994626,0.6623247375806451,0.01462091973548387,0.0518662466372043,-0.96439304029569894,-0.9603189070967741,-0.9342361466129032,0.07785882158438172,0.020047096497298387,-7.176808818870965e-4,-0.608183751830914,-0.6189812305182796,-0.6030487695715323,-0.022089041801317204,-0.08259729637540322,0.07469494232432795,-0.7557386252419355,-0.500338191139785,-0.6096834518217742,-0.09669907372258064,-0.04327227417983871,-0.06219590935263441,-0.7286921383333334,-0.5460435936518817,-0.7405181458870967,-0.5327547572051076,-0.5655756257921505,-0.5327547572051076,-0.5655756257921505,-0.5864006717091398,-0.5587253141862903,-0.5442079644333871,-0.5419490736607527,-0.6234126419771505,-0.5739428880216129,-0.5990808864306452,-0.5484832089435484,-0.4902128161841398,-0.6338391144365592,-0.5544716795921775,-0.4747675437160484,-0.20872442068086022,0.029787724899825268,0.08998437925185485,-0.6175218366056452,-0.6282313383927419,-0.5788708102354839,-0.6350543514755377,-0.6369776100607527,-0.6275403676526882,0.017358063942473117,-0.124670179855,-0.11252887936290322,-0.6851365015188172,-0.49778381101048386,-0.6176854167365592,-0.7791970540645161,-0.5078505474137097,-0.644131036807258,-0.02516927983776882,-0.059272469604301076,-0.022942489927150537,-0.5290292841180108,-0.6570489179715053,0.11533518491586021,-0.5426633194575269,-0.5838323091459677,0.2025532791521774,-0.5346571916836022,-0.6322885272037635,0.1547231977903226,-0.584111049810215,-0.5937353021053764,0.16918502450510753
24,LAYING,6,0.27676704639107613,-0.017682246010388453,-0.10791450368766405,-0.6754591762984252,-0.5824906551853019,-0.6364974589002624,0.6949812680839895,0.0729509702152231,0.062322771414698164,-0.9753296996587927,-0.9608981666404199,-0.9557245661942257,0.07847350034671915,0.003969003085740158,-0.007009605588057743,-0.7403005448818898,-0.6859797962619423,-0.7363742325748032,-0.021257809684776904,-0.07824402026771654,0.08417403759816273,-0.7761990499396325,-0.7633654572965879,-0.708251676335958,-0.09982942481422573,-0.03907494213832021,-0.055298768340157484,-0.7644900306099738,-0.7927187024409449,-0.7968165166141732,-0.6200326651624672,-0.6508621478102362,-0.6200326651624672,-0.6508621478102362,-0.7136674237690289,-0.6893911893464567,-0.6824472127506561,-0.7429831266062992,-0.7916465507874015,-0.7889978508136483,-0.7076137795800524,-0.6115090425868767,-0.6558589948223097,-0.664356691751496,-0.5946767900590552,-0.6553605214461943,-0.2633522985175853,-0.01760792409632546,0.08125807974811024,-0.7522453724934384,-0.7036416145065617,-0.7196557473910761,-0.751378154304462,-0.6882804618608924,-0.7516286878215223,-0.05704234753254593,-0.2311316325225197,-0.1397711924031496,-0.7226073777480315,-0.7537104795800526,-0.7094885768766405,-0.7940635291338582,-0.7719698089763779,-0.7357499343044619,-0.0501078590267979,-0.09753476098661418,-0.05564073941217848,-0.6501218722738058,-0.7059284258196851,0.02363005718409449,-0.6968455833884515,-0.6824471459933071,0.19842201310813648,-0.754131617480315,-0.782076276167979,0.019448601429186353,-0.7950191653805774,-0.7961572645144357,0.16173960892698164
25,STANDING,5,0.27530146777212716,-0.019322176931491443,-0.10962903098044009,-0.7162645375476773,-0.5314210356026895,-0.6470955610586797,0.6723866221271394,0.04716014275305624,0.2392260409303912,-0.9500170913447433,-0.9010887709633252,-0.8806823307066015,0.08176574420638141,0.006386338844425427,-0.010346171499488997,-0.7968233500733496,-0.7225029193643032,-0.8606693826405868,-0.002981511647921761,-0.08390035415782396,0.0993606079900489,-0.6831319707750612,-0.7522610132762836,-0.74741022,-0.10826388456229828,-0.03898847534352078,-0.055578222364743274,-0.7686824731784841,-0.9026280807579462,-0.8318486672860635,-0.5833777497139364,-0.659015505611247,-0.5833777497139364,-0.659015505611247,-0.7834453544743276,-0.7804518678484108,-0.6257330642589242,-0.6851527946706601,-0.8496307062591687,-0.8727761844498777,-0.7484165096821516,-0.6000276972420537,-0.7385099475794621,-0.705223686579951,-0.5290646522909536,-0.6302246376745722,-0.30665719052518337,-0.10865011618938876,-0.07445020986288509,-0.8041446428361858,-0.7405703122493887,-0.8495048494865526,-0.8077125257212714,-0.7217076685721271,-0.870541516210269,-0.11079300952982885,-0.3477513510720538,-0.23570742249454768,-0.672197763601467,-0.8131337920782397,-0.746832213594132,-0.6903984819437653,-0.7235844375305623,-0.7712089290953545,-0.20760117632787287,-0.3491469318853056,-0.13513973985317848,-0.69501971,-0.6953679287188264,-0.0426423613907335,-0.7791900758924205,-0.7835472297555012,0.16822273125572126,-0.7542361097555013,-0.6972131203667482,-0.22082033044748167,-0.8759706747432763,-0.8777149536919315,0.047148286650757945
26,STANDING,5,0.2730365808625,-0.01616872774634949,-0.10763789492857143,-0.6231010311683673,-0.5859671424181122,-0.7049806274489796,0.6151235346683673,0.10870478277551021,0.23410701047244897,-0.9678178999489796,-0.9597135622270409,-0.9556433635459184,0.08087432613418367,0.007677099781811225,-0.007248919437688775,-0.6828156529931122,-0.678386582086227,-0.7783494608418368,-0.02065993210510204,-0.08274150609040816,0.09178532940446428,-0.7666739703392857,-0.8006754710459184,-0.7033472056198979,-0.09881256274612245,-0.04047640028885204,-0.055828274335403064,-0.7323213706908164,-0.8361121753316326,-0.7731015248214286,-0.6009322641757653,-0.6203557886658163,-0.6009322641757653,-0.6203557886658163,-0.6949178592091837,-0.677426336392347,-0.6945976629362245,-0.751833690215051,-0.7983259167091836,-0.8182791129081632,-0.6510903018619898,-0.6104258332403061,-0.7240460871556123,-0.6134995976760204,-0.6002748098262755,-0.7184904757653061,-0.22254582580867346,0.03603821379132653,0.14242940187540562,-0.6994131682956632,-0.6967264739127551,-0.76956529125,-0.694314518927551,-0.6803580612,-0.7860491249489796,-0.02383966223035714,-0.16891457534783164,-0.08504628483808674,-0.7031095610688776,-0.7993530753571428,-0.6894048468137756,-0.7874031005994898,-0.803635337372449,-0.7359423844387755,-0.016777861049311223,-0.09977744656109694,0.0029365240173214293,-0.6317569828625,-0.6739177995466836,0.08832866870938776,-0.6792783236377551,-0.6780257583127551,0.18046066388979592,-0.7705048848214285,-0.7826243208316327,-0.012158727875334183,-0.8238652971938776,-0.8239914084183674,0.14753370698056378
27,LAYING,6,0.2777989193288591,-0.01693865903343926,-0.11227336837013423,-0.5747833215503356,-0.541012892132886,-0.6081587653355705,0.5851395911073826,0.02347930613087248,0.12061310237516779,-0.9716798452348994,-0.9698911469798658,-0.9565688245973154,0.07685918633825503,0.005183985158855704,-0.005547958966778524,-0.624308492209396,-0.593582093143792,-0.7295573096308725,-0.06833321715466444,-0.049644131353825505,0.11626225226375839,-0.7456690271442953,-0.7544396103691275,-0.5946316790973154,-0.08738623224428524,-0.046475105984865775,-0.060079321399999996,-0.7761554967114094,-0.7964681561744966,-0.727982409261745,-0.5357268830506712,-0.6004458661543625,-0.5357268830506712,-0.6004458661543625,-0.6262873654614094,-0.6188872501020134,-0.6226465777755034,-0.6974982653080537,-0.7782750501677852,-0.7962447475372483,-0.6006415321194631,-0.5538743594681208,-0.6465482476442953,-0.5667812953389262,-0.5651766442483221,-0.6201417908120805,-0.21613171993993288,0.08581865681516779,0.12826582648691276,-0.6419917809916107,-0.6184367108587249,-0.7110043432785235,-0.6396238336409396,-0.594512488954698,-0.7467367467449665,-0.0750278092104698,-0.14803475711409397,-0.1088271971614094,-0.7115466732751677,-0.7455574134124161,-0.6304945292315436,-0.758703337557047,-0.7632348093624161,-0.6232617414731544,-0.10211602916704698,-0.018986245248590605,-0.019763380559379193,-0.5857876318926174,-0.6720924177003356,0.1766072237062416,-0.609647345982886,-0.633580675552349,0.21433622119731544,-0.7350087375167785,-0.7266612038959731,0.028287591053657718,-0.7967257727013423,-0.8101373981308725,0.183050823624698
27,STANDING,5,0.2752230674358974,-0.01625541172179487,-0.10540381001538461,-0.9902766438461539,-0.9721961779487179,-0.9699698776923077,0.7880373317948718,0.0657218505,0.21970160521197307,-0.9858537348717948,-0.9824921015384616,-0.9692543406410257,0.07672832543589743,0.009971548662820514,-0.0026655193830769234,-0.9918315343589743,-0.985056905,-0.990225417948718,-0.032447117343589744,-0.0765120463525641,0.08099941711538462,-0.9875841967948717,-0.9839399288461539,-0.9778471817948717,-0.0966434086025641,-0.03956414301282051,-0.05307100054102564,-0.9926945512820513,-0.9933960125641026,-0.992933121025641,-0.9802786938461538,-0.9736899108974358,-0.9802786938461538,-0.9736899108974358,-0.9903328915384615,-0.990626418974359,-0.9666838880769231,-0.9733041046153846,-0.994198412051282,-0.9937321532051282,-0.990202906025641,-0.9751557548717948,-0.9788484184615385,-0.9903987882051282,-0.9716906375641026,-0.9671655684615384,0.004780019592307693,0.1347321778605128,0.15211691887179488,-0.991782158076923,-0.9851473301282051,-0.9885217916666666,-0.9926498619230769,-0.9860938587179487,-0.9904939866666667,0.23621370878589742,0.00676465025,0.08721364056794871,-0.9861184462820513,-0.9859879148717948,-0.9789886053846154,-0.9880877907692308,-0.9828431039743589,-0.979428019102564,-0.03968716295,-0.1813074907397436,0.04136093633717949,-0.9781685638461538,-0.9747754992307692,0.2497540521269231,-0.9901084657692307,-0.9900609284615385,0.3705496536923077,-0.980589148974359,-0.9732266502564103,-0.052701137155128204,-0.9936930214102564,-0.9939079935897436,0.2825181263269231
28,LAYING,6,0.2775325547643979,-0.0191721442063089,-0.10971087310418848,-0.6490403913078534,-0.5736518959335078,-0.685821415026178,0.62376789513089,-0.14757775521465968,-0.04699310210497382,-0.9738733280628272,-0.9603656262565445,-0.9462256372513089,0.0807263062382199,0.01382244365460733,8.242083248010462e-4,-0.6808137253921466,-0.6516198489450262,-0.8008705818848167,-0.06449635455646596,-0.047147402310102095,0.10084028132958116,-0.7402765918732984,-0.7412855401963351,-0.6697896628897906,-0.08812135511727749,-0.04479725958620419,-0.06076807074081152,-0.7205156762931937,-0.8250387832460733,-0.7697559811256545,-0.6100309025013089,-0.6358212265159686,-0.6100309025013089,-0.6358212265159686,-0.6894293877591623,-0.6877034336274869,-0.6485386414303665,-0.710956808836911,-0.7892949432617801,-0.8057383830104712,-0.6541565191937173,-0.5849325001138743,-0.7151344744319372,-0.6478071929842932,-0.5951104726159162,-0.6957672795287958,-0.21789472298874346,-0.06522700309973822,0.01898788617539267,-0.686723799059424,-0.6707180959269633,-0.7790617203586387,-0.7040733824109948,-0.6548559152714659,-0.8217154944240838,-0.03420973610471204,-0.2775630922371492,-0.12606102715981676,-0.6743566560209424,-0.7470679079319372,-0.6735138868908377,-0.7620309780104713,-0.7408194534293193,-0.7002912828811518,-0.15164433968371727,-0.27061321507722513,-0.08969174000479058,-0.6287632474052356,-0.6969939996678011,0.01799485027803665,-0.675428720467801,-0.7064158293429319,0.17361039665942407,-0.7379080920691099,-0.7437846126937173,-0.12299982752327225,-0.8068821517539267,-0.8184485083769634,-0.002009238420994764
29,LAYING,6,0.27911152194476746,-0.018471953048313953,-0.10867561226947675,-0.5742953953648255,-0.598400275636657,-0.6064612839264535,0.6830676256104651,0.11548975791162791,0.20821537004372093,-0.9732828858430232,-0.9646431610174419,-0.9416217902325581,0.07883823247133721,0.00900161248883721,-0.003552905424677326,-0.6234564142163663,-0.635499779848779,-0.7937467977906977,-0.01018319108693314,-0.08828832964418605,0.08816262665462209,-0.7346992736915697,-0.6345691734215116,-0.7138645839825581,-0.10070775180985465,-0.046432202952761625,-0.05278599903168605,-0.7361176641395348,-0.8536396131395348,-0.7702213143023255,-0.5535855933479651,-0.5790672160880814,-0.5535855933479651,-0.5790672160880814,-0.6645380604848837,-0.6204720498627907,-0.6022289937003489,-0.6537323015921511,-0.8022939063662791,-0.8401563641860466,-0.5799010001861338,-0.5876863081462209,-0.6805476754651163,-0.5727879490375,-0.6309788448518314,-0.6025509251837209,-0.16535078756773255,0.12807695752302325,0.08862706059921512,-0.6298758531520349,-0.6412890757863372,-0.7684339283139535,-0.6515641889648256,-0.6555261166555233,-0.8182927808139535,0.010776407699069767,-0.08156113050616279,-0.009526461815697674,-0.6857474134866279,-0.7359723016569767,-0.6892213577180233,-0.7525678317078488,-0.5888579874851744,-0.7491631722965116,0.0020104424662500003,-0.25394004971976747,0.020351607932005814,-0.5892940147343023,-0.6393141760549419,0.1627653009306977,-0.6098799374690989,-0.6364344705473837,0.22745081325013664,-0.7220184349843023,-0.6714543243684011,-0.04464692214837209,-0.8404641641569768,-0.8514624265697674,0.21243413725247093
30,LAYING,6,0.2763058367219321,-0.01758560773402089,-0.10589355727859008,-0.615890785389034,-0.5190473878754569,-0.5226432737721148,0.6968582006788512,0.051269818897498695,0.18434317834803657,-0.9743191185639687,-0.9522882927676241,-0.9294326346475196,0.07347992701488251,0.007304382579712793,-6.538718903733688e-4,-0.6790072541501305,-0.6607705539046997,-0.7816444850130548,-0.035422928032663184,-0.07174824524020888,0.08345445866939948,-0.6710058461227154,-0.5389906639422977,-0.5897834421853786,-0.09267690052741515,-0.04129037796694517,-0.04935561778751958,-0.7806364295561358,-0.7989480730548303,-0.7632285469190601,-0.5381311941830026,-0.5881581116336815,-0.5381311941830026,-0.5881581116336815,-0.6970501269989556,-0.6589721480934726,-0.5100327540981985,-0.5737794286710183,-0.7858709313315927,-0.8103985146736292,-0.6356501253221932,-0.5584900100190601,-0.6349585469007832,-0.6092389115084073,-0.5313214918409922,-0.5065703612739948,-0.3027753979848564,-0.08442085567751959,-0.04154805986511749,-0.6853077711574412,-0.671673670524282,-0.7554322127937337,-0.7018792085718015,-0.672622022924282,-0.8071849409399477,-0.1316499762062663,-0.2941483210770757,-0.1686046939623812,-0.6674182366926893,-0.6299106659598173,-0.6156993478302872,-0.6768019956806005,-0.49631042144960835,-0.6202533904151436,-0.23170987675013055,-0.3611227964020888,-0.20170572398746736,-0.6003720670462142,-0.6465228109207571,-0.03011971238248042,-0.656339723754047,-0.6646002624438115,0.08170462081436031,-0.6696005105630026,-0.5891926500898172,-0.20509459668720628,-0.8112923324281984,-0.8228056187467363,0.043305055638668405
